customer_id,customer_name,gender,age,phone_no,email,address
1,Yesenia Beltran,Male,82,+1-268-177-5748,jfrank@singleton-davis.com,"Unit 0348 Box 0367
DPO AA 09148"
2,Dustin Graham,Female,30,+1-375-332-6914074540,nelsonstephen@gmail.com,"247 Brian Brooks
Carterborough, TN 03416"
3,Dr. Jennifer Holmes,Male,40,(999)124-6438,heatherwells@yahoo.com,"69223 Rodriguez Plaza Suite 233
Port Codyfurt, NJ 85938"
4,Mrs. Sabrina Jordan,Others,88,9460001248,stephanie06@gmail.com,"790 Scott Road Apt. 825
West Maria, ME 50390"
5,Norma Davis,Female,86,435.876.6633032981,jenny97@todd-rose.biz,"USNV Cain
FPO AP 41870"
6,Chris Ali,Male,30,(739)921-046607976,stephanie47@yahoo.com,"196 Jason Street
Ambershire, VT 51744"
7,Rachel Finley,Male,30,668-749-0733,francisapril@yahoo.com,"99626 Navarro Rapids Suite 777
Port Jennifer, UT 48995"
8,Randy Jacobson,Others,61,4311305258,gary92@hotmail.com,"528 Jonathan Village Apt. 343
North Autumn, VA 67908"
9,Chris Joseph,Male,83,(478)876-4199093250,zmiller@hotmail.com,"7509 David Orchard
Amandaland, IL 05415"
10,Lucas Brandt,Female,41,+1-673-936-1200,leephillip@yahoo.com,"9613 Martin Stream Suite 422
Kelseybury, WA 17840"
11,Alicia Luna,Others,78,(386)021-26180926,qlogan@gmail.com,"24586 Shannon Stream Suite 008
Kurtland, NC 82164"
12,Lauren Harris,Female,57,964-927-607804455,thompsonkevin@hotmail.com,"69381 Owen Burgs Apt. 740
Jacksonmouth, AL 45966"
13,Mark Mason,Male,83,001-587-0605,rachelpollard@price.com,"70688 Lindsey Tunnel
Clarkchester, WA 31654"
14,Mario Williams,Others,22,4100369460,elliottjohn@gmail.com,"6187 John Overpass Apt. 129
East Matthew, WI 65810"
15,Richard Davis,Others,80,+1-742-037-653305563,david71@fowler-king.info,"685 Maria Forest Suite 234
Christophermouth, WI 81104"
16,Sheila Hill,Others,25,(622)658-65590081,turnerchelsey@martin.com,"93371 Kenneth Summit Suite 491
Lake Timothyhaven, OH 81270"
17,Kevin Diaz,Male,87,662.694.595509536,rjones@hooper-wade.biz,"Unit 7018 Box 0944
DPO AA 88571"
18,Michael Johnston,Female,35,(491)297-6841,mollyjennings@gomez-summers.com,"9367 Hunter Bridge
North Michaelville, NJ 93069"
19,Mrs. Michelle Johnson,Male,79,(364)101-7299,deanna36@park.com,"3669 Valenzuela Mission Apt. 794
Nancytown, ME 18726"
20,Carolyn Gordon,Female,34,+1-862-623-40900080,hermaneric@johnson-brown.com,"46084 Mcmahon Locks
West Brittany, VT 72407"
21,Ricky Rivera,Male,18,105-307-0129,longmichael@lucas.biz,"25176 Smith Underpass
East Kimberly, NV 45363"
22,Robert Jones,Female,43,001-616-310-3661,jpineda@yahoo.com,"231 Hobbs Pine
Port Rachael, DE 71870"
23,Leslie Martin,Male,69,455-519-8762,luke02@gmail.com,"6494 Cody Stream Apt. 654
Lake Brett, VA 53455"
24,Katherine Reyes,Female,80,700-724-94920333,woodluke@yahoo.com,"USNV Nicholson
FPO AP 65505"
25,Ronald Schroeder,Others,55,(894)264-22550858,carrmelanie@butler.com,"15326 Moore Way
South Dana, MS 95648"
26,Craig Lucas,Female,83,+1-782-696-671204901,hbrown@hotmail.com,"96996 Anthony Summit Suite 630
Cainport, FL 61880"
27,Matthew Clark,Male,89,8145605265,cynthia05@yahoo.com,"USNV Tucker
FPO AE 70847"
28,Patricia Norton,Others,68,+1-206-216-2512001269,mgreene@hotmail.com,"Unit 6102 Box 4596
DPO AA 28638"
29,Jacqueline Webster,Female,21,(174)096-664108403,hernandezjulie@hernandez-watkins.com,"55638 Patel Stravenue Suite 534
North Daniel, NH 14892"
30,Stephen Welch,Male,77,(251)007-6977035940,jeffrey08@yahoo.com,"15391 Patrick Fields
Henrymouth, ND 20381"
31,Kevin Vaughn,Female,80,+1-391-096-214506513,maureenhouston@graves-anderson.com,"4533 Roberts Walk
Denisemouth, AZ 92702"
32,Sarah Kelley,Others,79,412.082.8723,natasha78@weber.com,"0877 Rebekah Fort Apt. 286
Fletcherton, WI 96773"
33,Shannon Mcdaniel,Others,80,677-931-41670658,kellymoyer@johnson.com,"5137 Timothy Forks
Moorehaven, TN 60161"
34,Ruben Williamson,Others,70,801-893-573009966,bryanwatson@gmail.com,"520 Smith Ferry
Holttown, MS 27288"
35,Donald Salas,Male,41,+1-681-869-5272,nicole01@gmail.com,"443 Emily Locks
Port Jeff, WY 66578"
36,Travis Baird,Female,24,+1-018-573-529606430,brittanynelson@glenn.biz,"9597 Diane Hill
Guzmanborough, ID 63414"
37,Tina Tran,Male,59,894-385-5653,craigmartinez@hartman-davis.info,"284 Gary Trafficway Apt. 847
Chapmanland, MA 13816"
38,Craig Daniel,Female,37,1225419864,jackson52@yahoo.com,"200 Craig Freeway
South Jenniferstad, OR 86158"
39,Bryan Dodson Jr.,Female,20,(602)516-460902644,jasonthornton@gmail.com,"57587 Rivera Branch
Port James, LA 43181"
40,Michael Brown,Male,76,535-000-254605646,christiandiaz@yahoo.com,"14169 Warren Hollow Suite 018
Harrisonfort, CA 94854"
41,Jessica Jones,Female,82,942-262-1035044278,ywilliams@yahoo.com,"500 Arias Causeway
Port Taylorfurt, VT 00862"
42,Douglas Gardner MD,Others,44,+1-144-731-6200087556,jameswerner@yahoo.com,"1176 Duffy Port Suite 130
Brettborough, VA 73129"
43,Mark King,Others,51,348.523.0807,hmckinney@hotmail.com,"11648 Jeremy Haven
North George, WI 40111"
44,Frank Vasquez,Male,21,3526309475,sandrataylor@torres.com,"194 George Orchard
Adamsview, PA 71530"
45,Jon Mcneil,Others,87,862.396.015305640,karlalogan@thompson.com,"03914 Diaz Valley Apt. 747
North Andrewborough, VA 33851"
46,Jeffrey Snyder,Others,76,961.778.0013010320,mary15@hotmail.com,"42144 Yang Throughway
Wallacechester, SC 08219"
47,Ann Rivas,Male,57,251-900-4006,dberger@lester.com,"818 Bird Land Suite 870
East Nicholasberg, WI 11337"
48,Brenda Gross,Female,62,(895)027-3205,brentwilson@anderson.com,"972 Baird Ridge Suite 547
Raymondburgh, WV 17287"
49,Felicia Ward,Male,64,(976)130-777100791,williamsanthony@hotmail.com,"PSC 4138, Box 6670
APO AA 29295"
50,Kyle Santana,Others,80,242.674.668007680,qpatterson@yahoo.com,"5325 Beth Overpass Apt. 927
New Jeffrey, NC 63350"
51,Scott Davis,Male,24,001-878-032-4057073789,thomaskimberly@gmail.com,"36843 Alicia Crest
Port Karen, SD 57132"
52,Daniel Villarreal,Male,89,062.493.10830933,freemanronnie@hotmail.com,"PSC 5188, Box 3669
APO AP 65061"
53,Jacqueline Nichols,Others,72,1365827958,myersthomas@yahoo.com,"1003 Herrera Plains Suite 404
Smithview, TN 00696"
54,Austin Delgado,Male,86,974.482.6541,xrodriguez@gilbert.com,"384 Hodges Knolls Apt. 836
South Paul, OH 94353"
55,Martin Fleming DDS,Female,41,2850626580,drakemichael@yahoo.com,"533 Harris Parkways
New Angelica, TX 59160"
56,Shannon Dixon,Others,34,808-569-2825,hollykelley@wright.org,"41952 Leslie Springs Suite 849
North Tyler, OK 48293"
57,Casey Armstrong,Male,34,516.077.171801776,david68@bush.org,"356 Lee Neck Apt. 576
Nobletown, MO 58492"
58,Kayla Jones,Male,49,(020)699-6437061529,laura33@yahoo.com,"Unit 9198 Box 7240
DPO AE 87769"
59,Charles Foster,Male,44,001-104-687-2993,ericakelley@hotmail.com,"439 Flynn Spur Suite 383
New Chelsea, HI 86139"
60,Sean Brown,Female,41,460-678-8462,cooketracy@gmail.com,"522 Patterson Mountain
New Brandy, FL 34181"
61,Denise Hall,Female,59,323.376.07420225,jmorrison@yahoo.com,"PSC 4139, Box 1866
APO AP 41746"
62,Veronica Owens,Male,51,(781)310-74500947,amymiller@gmail.com,"56070 Krista Pass
Lake John, MO 33703"
63,Jennifer Higgins,Others,60,661.981.6097,uherrera@hotmail.com,"192 Mary Camp
North Carlshire, WA 32143"
64,Stephanie Moore,Male,68,099-719-0126099283,steelekelly@hotmail.com,"62838 Shelton Rapids Apt. 438
Lindahaven, NH 23524"
65,Melanie Robertson,Female,29,722.359.204408500,meganthomas@hotmail.com,"6470 Robert Trace
East Kimberly, NH 54827"
66,Nicole Lawrence,Male,59,+1-203-532-358202363,sarahharper@hotmail.com,"104 Dennis Knoll Suite 997
Rossbury, OR 46681"
67,Victoria Love,Others,31,(189)903-02570970,lhamilton@gmail.com,"891 Turner Knoll
Jorgechester, GA 05827"
68,Thomas Shelton,Male,30,(733)548-5581,daniel68@yahoo.com,"810 Huffman Squares
Lake Cynthialand, VT 88953"
69,Jeffrey Greene,Male,37,001-114-767-22900924,patricia33@hotmail.com,"16803 Cabrera Ranch Suite 332
North Claytonville, NM 09170"
70,Dustin Kelley,Female,55,417-400-6559,xestrada@yahoo.com,"Unit 3978 Box 5853
DPO AA 05101"
71,Andrew Johnson,Others,43,253-903-2750,richardjimenez@yahoo.com,"5376 Daniel Rue
Palmerhaven, IL 59987"
72,Latasha Stewart,Others,58,742.062.86570378,henryheather@hamilton-black.biz,"219 Ingram Camp
Rachelville, DE 68325"
73,Mary Murphy,Others,61,9866492451,patrick49@taylor.net,"757 Flores Gardens
Floydstad, WV 72541"
74,Stephanie Russo,Male,60,+1-931-813-4499017307,ftrevino@gmail.com,"409 Benjamin Mews
Michaelland, NV 47793"
75,Maria Wilson,Female,41,(151)111-1930,mistyelliott@gmail.com,"2386 Amy Glen Apt. 518
Port Michael, MS 18286"
76,Ruben Bell,Others,77,670.471.0411009725,milescarla@rice.com,"703 Teresa Center Apt. 347
Lambertport, MT 58793"
77,Sheryl Stevens DVM,Others,21,001-214-845-23840667,michelle33@gmail.com,"09142 Ashley Shore
Aprilton, CA 47241"
78,Rachel Diaz,Others,86,001-576-869-358408692,riveratyler@vargas.com,"267 Donna Radial Suite 357
Masseymouth, DC 83037"
79,Robert Wolf,Others,60,+1-377-501-4734023796,linda62@miller.org,"546 Mcclain Highway
Lake Emily, LA 88822"
80,Michael Patterson,Female,59,9150429796,monroejoseph@gmail.com,"361 Scott Locks Apt. 673
New Melinda, IA 79847"
81,George Good,Others,68,(881)511-8014,uwilcox@hotmail.com,"USNS Martin
FPO AE 08106"
82,Aaron Diaz,Male,57,976-426-8855,jacksonjeffrey@mendoza.info,"USNS Rivas
FPO AP 86911"
83,Barry Castillo,Male,73,598.175.97650762,davidaguilar@hotmail.com,"96195 Gomez Ranch Suite 470
Knightchester, WI 22901"
84,Mike Hernandez,Male,78,+1-421-273-124005171,sarah55@gmail.com,"09740 Sarah Lodge Apt. 208
Lake Rachel, AZ 72410"
85,Kimberly Rocha,Male,48,+1-543-894-93840375,lauramoore@jones.com,"4976 Green Freeway Apt. 410
New Jeremy, MI 53307"
86,Kim Martin,Male,82,145.675.5197,paige06@gmail.com,"635 Evans Island Apt. 986
Wintersfurt, MD 67019"
87,Monica Roberts,Male,28,092-805-3565068001,charleslane@gmail.com,"9008 Williams Curve Suite 040
Bowmanberg, KS 46907"
88,Hayley Garcia,Female,35,+1-360-091-5852,danielallen@morgan-johnson.com,"5629 Timothy Plains Suite 431
Jeremyberg, VA 97018"
89,Nichole Diaz,Female,29,5352102825,gregorycrystal@gmail.com,"226 Mann Prairie Apt. 861
Jessicaborough, CA 02304"
90,Chase Todd,Female,33,534-644-2507,kbowen@hotmail.com,"Unit 4410 Box 8554
DPO AA 45050"
91,Gwendolyn Graham,Male,31,+1-023-601-5372019026,jonathan04@gmail.com,"67122 David Meadow
Lake Stephen, AK 87425"
92,Albert Barrett,Others,83,864.409.32620028,tsullivan@heath.com,"5320 Dawson Mountain
Luisstad, MA 52651"
93,John Green,Others,29,964-256-4862061876,philipmccoy@soto-castro.net,"3631 Tran Ferry Suite 911
Port Robert, VA 40369"
94,Sara Murray,Male,81,+1-416-525-5548,ashleycobb@holden.biz,"79512 Terry Island
Edwardchester, SD 71051"
95,Margaret Payne,Male,46,9004927813,richard26@mcintyre.com,"798 Kyle Cape Apt. 671
Lake Travis, ME 37965"
96,Hannah Alexander,Others,49,789.135.2663,riveranathan@richardson-schmidt.com,"1464 Barrera Lodge Suite 042
West Claudiahaven, AZ 76224"
97,Brent Patton MD,Male,60,370.571.7984,sandraruiz@yahoo.com,"60534 Michelle Loop Apt. 669
Robertville, OH 05580"
98,Erik Fox,Male,68,247-449-4850,woodgary@gmail.com,"5415 Benjamin Hollow
Lake Mark, OR 59244"
99,Ryan Gross,Male,57,+1-822-875-33940379,ttaylor@gmail.com,"57702 Melissa Spur
West Markfort, NV 77465"
100,Jason Medina,Female,54,071-259-0444,breed@hotmail.com,"11266 Lawrence Fields
Torresfort, MD 61238"
